36190,Dupond,Mr,01/01/1960 00:00:00,Adresse1,dupond@example.com,1234567890,PDG,10000,15/04/2024
158366,Fiesta,Mme,15/03/1975 00:00:00,Adresse2,fiesta@example.com,1234567891,Directrice Commerciale,8000,15/04/2024
448594,Forge,Mr,20/05/1985 00:00:00,Adresse3,forge@example.com,1234567892,Commercial,6000,15/04/2024
218346,Fermi,Mme,10/07/1990 00:00:00,Adresse4,fermi@example.com,1234567893,Commerciale,6000,15/04/2024
680440,Fetard,Mr,28/02/1963 00:00:00,Adresse5,fetard@example.com,1234567894,Directeur des opérations,9000,15/04/2024
267680,Royal,Mr,05/08/1980 00:00:00,Adresse6,royal@example.com,1234567895,Chef d'Équipe,7000,15/04/2024
770836,Prince,Mme,17/04/1978 00:00:00,Adresse8,prince@example.com,1234567897,Chef d'Équipe,7000,15/04/2024
623198,Joyeuse,Mme,03/09/1970 00:00:00,Adresse11,joyeuse@example.com,1234567800,Directrice des RH,9000,15/04/2024
620929,Couleur,Mme,22/11/1983 00:00:00,Adresse12,couleur@example.com,1234567801,Formation,7000,15/04/2024
499162,ToutleMonde,Mme,08/01/1986 00:00:00,Adresse13,toutlemonde@example.com,1234567802,Contrats,7000,15/04/2024
678766,GripSous,Mr,19/07/1967 00:00:00,Adresse14,gripsous@example.com,1234567803,Directeur Financier,9000,15/04/2024
447545,Picsou,Mr,25/05/1972 00:00:00,Adresse15,picsou@example.com,1234567804,Direction comptable,8000,15/04/2024
21150,Fournier,Mme,13/04/1982 00:00:00,Adresse16,fournier@example.com,1234567805,Comptable,6000,15/04/2024
510743,Gautier,Mme,08/06/1991 00:00:00,Adresse17,gautier@example.com,1234567806,Comptable,6000,15/04/2024
264666,GrosSous,Mr,01/03/1989 00:00:00,Adresse18,grossoou@example.com,1234567807,Contrôleur de Gestion,8000,15/04/2024
